task,task_category,episodes,successes,success_rate_percent,horizon,logged_split
CloseBlenderLid,atomic-seen,50,21,42,900,pretrain
CloseFridge,atomic-seen,50,49,98,900,pretrain
CloseToasterOvenDoor,atomic-seen,50,47,94,450,pretrain
CoffeeSetupMug,atomic-seen,50,34,68,600,pretrain
NavigateKitchen,atomic-seen,50,46,92,450,pretrain
OpenCabinet,atomic-seen,50,45,90,1050,pretrain
OpenDrawer,atomic-seen,50,48,96,750,pretrain
OpenStandMixerHead,atomic-seen,50,49,98,450,pretrain
PickPlaceCounterToCabinet,atomic-seen,50,44,88,750,pretrain
PickPlaceCounterToStove,atomic-seen,50,45,90,600,pretrain
PickPlaceDrawerToCounter,atomic-seen,50,46,92,750,pretrain
PickPlaceSinkToCounter,atomic-seen,50,46,92,900,pretrain
PickPlaceToasterToCounter,atomic-seen,50,47,94,600,pretrain
SlideDishwasherRack,atomic-seen,50,44,88,450,pretrain
TurnOffStove,atomic-seen,50,33,66,750,pretrain
TurnOnElectricKettle,atomic-seen,50,47,94,450,pretrain
TurnOnMicrowave,atomic-seen,50,41,82,450,pretrain
TurnOnSinkFaucet,atomic-seen,50,44,88,600,pretrain
DeliverStraw,composite-seen,50,29,58,2550,pretrain
GetToastedBread,composite-seen,50,12,24,3000,pretrain
KettleBoiling,composite-seen,50,37,74,1500,pretrain
LoadDishwasher,composite-seen,50,37,74,1800,pretrain
PackIdenticalLunches,composite-seen,50,21,42,3900,pretrain
PreSoakPan,composite-seen,50,43,86,2400,pretrain
PrepareCoffee,composite-seen,50,9,18,1800,pretrain
RinseSinkBasin,composite-seen,50,31,62,1350,pretrain
ScrubCuttingBoard,composite-seen,50,36,72,1200,pretrain
SearingMeat,composite-seen,50,20,40,4350,pretrain
SetUpCuttingStation,composite-seen,50,43,86,2400,pretrain
StackBowlsCabinet,composite-seen,50,38,76,2100,pretrain
SteamInMicrowave,composite-seen,50,34,68,2100,pretrain
StirVegetables,composite-seen,50,20,40,2400,pretrain
StoreLeftoversInBowl,composite-seen,50,35,70,2550,pretrain
WashLettuce,composite-seen,50,36,72,1650,pretrain
ArrangeBreadBasket,composite-unseen,50,34,68,4350,pretrain
ArrangeTea,composite-unseen,50,28,56,2250,pretrain
BreadSelection,composite-unseen,50,31,62,1950,pretrain
CategorizeCondiments,composite-unseen,50,4,8,1650,pretrain
CuttingToolSelection,composite-unseen,50,24,48,1200,pretrain
GarnishPancake,composite-unseen,50,38,76,2700,pretrain
GatherTableware,composite-unseen,50,1,2,2250,pretrain
HeatKebabSandwich,composite-unseen,50,0,0,2700,pretrain
MakeIceLemonade,composite-unseen,50,21,42,3000,pretrain
PanTransfer,composite-unseen,50,0,0,1800,pretrain
PortionHotDogs,composite-unseen,50,12,24,2250,pretrain
RecycleBottlesByType,composite-unseen,50,23,46,2850,pretrain
SeparateFreezerRack,composite-unseen,50,13,26,2400,pretrain
WaffleReheat,composite-unseen,50,22,44,4050,pretrain
WashFruitColander,composite-unseen,50,26,52,3150,pretrain
WeighIngredients,composite-unseen,50,24,48,3000,pretrain
